

CREATE TABLE IF NOT EXISTS `table_3` (
  `id` INT(11) UNSIGNED NOT NULL AUTO_INCREMENT COMMENT 'id',
  `name` VARCHAR(255) NOT NULL COMMENT '名称',
  `code` VARCHAR(255) NULL DEFAULT NULL COMMENT '号',
  PRIMARY KEY (`id`))
  ENGINE = InnoDB
  DEFAULT CHARACTER SET = utf8
  COMMENT = '表';

#domain
INSERT  INTO `sys_domain` (`id`,`name`,`parentId`,`description`)
VALUES
  (1,'OperationSystem',0,'运营子系统'),
  (2,'SupplierSystem',0,'供应商子系统'),
  (3,'CustomerSystem',0,'客户子系统');

#language
INSERT INTO `sys_language` (`id`,`code`,`name`,`localName`,`isHidden`)VALUES
  (1,'zh-cn','简体中文','简体中文',b'0'),
  (2,'zh-hk','繁体中文','繁體中文',b'0'),
  (3,'en-us','英语','English',b'0'),
  (4,'fr-fr','法语','Français',b'1'),
  (5,'de-de','德语','Deutsch',b'1'),
  (6, 'ja-jp','日语','日本語',b'1'),
  (7, 'ko-kr','韩语','한국어',b'1'),
  (8, 'ru','俄语','русский',b'1');

#roles
INSERT INTO `sys_role`(`id`,`code`,`name`,`domainId`,`isSystem`,`isDeleted`,`createTime`,`lastUpdateTime`,`description`,`ordinal`)
VALUES
  (1,'ROLE-ROOT','root',1,1,0,sysdate(),sysdate(),'super administrator',0),
  (2,'ROLE-ADMIN-SUPPLIER','admin_supplier',2,1,0,sysdate(),sysdate(),'supplier administrator',0),
  (3,'ROLE-ADMIN-CUSTOMER','admin_customer',3,1,0,sysdate(),sysdate(),'customer administrator',0),
  (4,'ROLE-ADMIN','admin',1,1,0,sysdate(),sysdate(),'administrator',0),
  (5,'order-track-grade2','物流消息阅读权限等级2',1,0,0,sysdate(),sysdate(),'该等级可以阅读中等等级的物流消息',0),
  (6,'order-track-grade3','物流消息阅读权限等级3',1,0,0,sysdate(),sysdate(),'该等级可以阅读最高等级的物流消息',0);

#users
INSERT  INTO `sys_user`(`id`,`code`,`userName`,`password`,`credentialSalt`,`email`,`mobilephone`,`isSystem`,`isLocked`,`isDeleted`,`createTime`,`lastUpdateTime`,`description`)
VALUES
  (1,'root','root','C9E6D8090421B076E78A2F763DDE338A','8c5414','root@hnagroup.com','13000000000',1,0,0,sysdate(),sysdate(),'系统超级管理员'),
  (2,'admin','admin','C9E6D8090421B076E78A2F763DDE338A','8c5414','admin@hnagroup.com','13000000000',1,0,1,sysdate(),sysdate(),'系统管理员');

INSERT  INTO `sys_user_detail`(`userId`,`fullName`,`sex`,`telephone`,`birthday`,`address`,`emergencyContact`,`emergencyPhone`,`positionCode`,`avatarId`)
VALUES
  (1,'超级管理员','M','(029)00000000','1970-01-01 00:00:00',NULL,NULL,NULL,NULL,NULL),
  (2,'运营管理员','M','(029)00000000','1970-01-01 00:00:00',NULL,NULL,NULL,NULL,NULL);
# add user to role
INSERT INTO `sys_user_role` (`id`,`userId`,`roleId`) VALUES(1,1,1),(2,2,4);

#ORG
INSERT INTO `sys_org` (`id`,`parentId`,`orgGroupId`,`level`,`isLeaf`,`name`,`shortName`,`isDeleted`,`isSystem`,`code`,`longCode`,`ordinal`,`address`,`description`) VALUES
  (1,0,1,1,b'0','海航科技','海航科技',b'0',b'1','HNATech','HNATech',1,NULL,'海航科技');

#ORGGROUP
INSERT INTO `sys_org`(parentId,orgGroupId,LEVEL,isSystem,NAME,shortName,isDeleted,CODE,longCode,ordinal,isLeaf) VALUES
  (0,2,1,1,'系统管理','系统管理',0,'SYS-GROUP-SYS','SYS-GROUP-SYS',-101,1),
  (0,2,1,1,'管理团队','管理团队',0,'SYS-GROUP-MGT','SYS-GROUP-MGT',-100,1),
  (0,2,1,1,'人事团队','人事团队',0,'SYS-GROUP-HR','SYS-GROUP-HR',-99,1),
  (0,2,1,1,'行政团队','行政团队',0,'SYS-GROUP-AD','SYS-GROUP-AD',-98,1),
  (0,2,1,1,'财务团队','财务团队',0,'SYS-GROUP-FD','SYS-GROUP-FD',-97,1),
  (0,2,1,1,'商务拓展团队','商务拓展团队',0,'SYS-GROUP-BD','SYS-GROUP-BD',-96,1),
  (0,2,1,1,'市场团队','市场团队',0,'SYS-GROUP-MARKET','SYS-GROUP-MARKET',-95,1),
  (0,2,1,1,'运营团队','运营团队',0,'SYS-GROUP-OD','SYS-GROUP-OD',-94,1),
  (0,2,1,1,'销售团队','销售团队',0,'SYS-GROUP-SALES','SYS-GROUP-SALES',-93,1),
  (0,2,1,1,'客服团队','客服团队',0,'SYS-GROUP-CSD','SYS-GROUP-CSD',-92,1),
  (0,2,1,1,'风控团队','风控团队',0,'SYS-GROUP-RISK','SYS-GROUP-RISK',-91,1);



INSERT INTO sys_menu (id,name,parentId,url,icon,target,ordinal,isSystem,isHidden,domainId) VALUES
  (1,'运营系统',0,'#/',NULL,NULL,1,1,0,1)
  ,(2,'供应商系统',0,'#/',NULL,NULL,1,1,0,2)
  ,(3,'客户系统',0,'#/',NULL,NULL,1,1,0,3)
  ,(100000,'系统管理',1,'#/',NULL,NULL,1,1,0,1)
  ,(101000,'组织管理',100000,'#/organization',NULL,NULL,1,1,0,1)
  ,(102000,'用户组管理',100000,'#/usergroup',NULL,NULL,2,1,0,1)
  ,(103000,'用户管理',100000,'#/user',NULL,NULL,3,1,0,1)
  ,(104000,'角色管理',100000,'#/role',NULL,NULL,4,1,0,1)
  ,(105000,'资源管理',100000,'#/menu',NULL,NULL,5,1,1,1)
  ,(110000,'主数据管理',1,'#/',NULL,NULL,2,1,0,1)
  ,(111000,'基础数据',110000,'#/',NULL,NULL,1,1,0,1)
  ,(111100,'国家',111000,'#/country',NULL,NULL,1,1,0,1)
  ,(111200,'地区',111000,'#/area',NULL,NULL,2,1,0,1)
  ,(111300,'币种',111000,'#/currency',NULL,NULL,3,1,0,1)
  ,(111400,'汇率',111000,'#/rate',NULL,NULL,4,1,0,1)
  ,(111500,'结算方式',111000,'#/account',NULL,NULL,5,1,0,1)
  ,(111600,'费用类型',111000,'#/cost',NULL,NULL,6,1,0,1)
  ,(113000,'合同管理',110000,'#/',NULL,NULL,2,1,0,1)
  ,(113100,'合同模板',113000,'#/contractTemplates',NULL,NULL,1,1,0,1)
  ,(113200,'合同列表',113000,'#/contracts',NULL,NULL,1,1,0,1)
  ,(130000,'物流管理',1,'#/',NULL,NULL,3,1,0,1)
  ,(131000,'主数据管理',130000,'#/',NULL,NULL,1,1,0,1)
  ,(131300,'承运站点',131000,'#/',NULL,NULL,1,1,0,1)
  ,(131310,'机场',131300,'#/stationAirport',NULL,NULL,1,1,0,1)
  ,(131320,'火车站',131300,'#/stationRailway',NULL,NULL,2,1,1,1)
  ,(131330,'港口',131300,'#/stationPort',NULL,NULL,3,1,0,1)
  ,(131340,'汽车站',131300,'#/stationTruck',NULL,NULL,4,1,1,1)
  ,(131400,'承运公司',131000,'#/',NULL,NULL,2,1,0,1)
  ,(131410,'航空公司',131400,'#/carrierAirline',NULL,NULL,1,1,0,1)
  ,(131420,'铁运公司',131400,'#/carrierRailroad',NULL,NULL,2,1,1,1)
  ,(131430,'船舶公司',131400,'#/carrierMaritime',NULL,NULL,3,1,0,1)
  ,(131440,'汽运公司',131400,'#/carrierHighway',NULL,NULL,4,1,1,1)
  ,(131500,'承运工具',131000,'#/',NULL,NULL,3,1,0,1)
  ,(131510,'飞机型号',131500,'#/transportAirplane',NULL,NULL,1,1,0,1)
  ,(131520,'火车型号',131500,'#/transportTrain',NULL,NULL,2,1,1,1)
  ,(131530,'船舶资料',131500,'#/transportShip',NULL,NULL,3,1,0,1)
  ,(131540,'汽车型号',131500,'#/transportTruck',NULL,NULL,4,1,1,1)
  ,(131600,'航线管理',131000,'#/',NULL,NULL,4,1,1,1)
  ,(131610,'空运航线',131600,'#/airLine',NULL,NULL,1,1,1,1)
  ,(131620,'海运航线',131600,'#/shippingLine',NULL,NULL,2,1,1,1)
  ,(131700,'航线班次',131000,'#/',NULL,NULL,5,1,1,1)
  ,(131710,'空运班次',131700,'#/flightSetting',NULL,NULL,1,1,1,1)
  ,(131720,'海运班次',131700,'#/shippingSetting',NULL,NULL,2,1,1,1)
  ,(132000,'分区管理',131000,'#/region',NULL,NULL,6,1,0,1)
  ,(132100,'重量段',131000,'#/weight',NULL,NULL,7,1,0,1)
  ,(132200,'供应商',131000,'#/supplier',NULL,NULL,8,1,0,1)
  ,(132300,'单号管理',131000,'#/',NULL,NULL,9,1,0,1)
  ,(132310,'运单号',132300,'#/orderNumber?module=waybillNumber',NULL,NULL,1,1,0,1)
  ,(132320,'渠道单号',132300,'#/orderNumber?module=channelNumber',NULL,NULL,2,1,0,1)
  ,(133000,'项目管理',130000,'#/',NULL,NULL,2,1,0,1)
  ,(133100,'新建项目',133000,'#/projectManage?module=logistics&action=new',NULL,NULL,1,1,0,1)
  ,(133200,'审核项目',133000,'#/projectManage?module=logistics&action=approval',NULL,NULL,2,1,0,1)
  ,(134000,'服务管理',130000,'#/',NULL,NULL,3,1,0,1)
  ,(134100,'新建服务',134000,'#/services',NULL,NULL,1,1,0,1)
  ,(134200,'审核服务',134000,'#/servicesApproval',NULL,NULL,2,1,0,1)
  ,(135000,'产品管理',130000,'#/',NULL,NULL,4,1,0,1)
  ,(135100,'新建产品',135000,'#/product?module=new',NULL,NULL,1,1,0,1)
  ,(135200,'审核产品',135000,'#/product?module=approval',NULL,NULL,2,1,0,1)
  ,(136000,'价格管理',130000,'#/',NULL,NULL,5,1,0,1)
  ,(136100,'采购价',136000,'#/',NULL,NULL,1,1,0,1)
  ,(136110,'新建价格',136100,'#/price?module=costPrice',NULL,NULL,1,1,0,1)
  ,(136120,'审核价格',136100,'#/price?module=costPriceApproval',NULL,NULL,2,1,0,1)
  ,(136200,'销售价',136000,'#/',NULL,NULL,2,1,0,1)
  ,(136210,'新建价格',136200,'#/price?module=salesPrice',NULL,NULL,1,1,0,1)
  ,(136220,'审核价格',136200,'#/price?module=salesPriceApproval',NULL,NULL,2,1,0,1)
  ,(136300,'价格套餐',136000,'#/pricePackage',NULL,NULL,3,1,0,1)
  ,(137000,'客户管理',130000,'#/',NULL,NULL,6,1,0,1)
  ,(137100,'新建客户',137000,'#/customer?module=logistics',NULL,NULL,1,1,0,1)
  ,(137200,'客户审核',137000,'#/customerApproval?module=logistics',NULL,NULL,2,1,1,1)
  ,(138000,'财务管理',130000,'#/',NULL,NULL,7,1,0,1)
  ,(138100,'应收账单',138000,'#/',NULL,NULL,1,1,0,1)
  ,(138110,'生成账单',138100,'#/billCreation?module=logistics&submodule=receive',NULL,NULL,1,1,0,1)
  ,(138120,'审核账单',138100,'#/billApproval?module=logistics&submodule=receive',NULL,NULL,2,1,0,1)
  ,(138200,'应付账单',138000,'#/',NULL,NULL,2,1,0,1)
  ,(138210,'生成账单',138200,'#/billCreation?module=logistics&submodule=pay',NULL,NULL,1,1,0,1)
  ,(138220,'审核账单',138200,'#/billApproval?module=logistics&submodule=pay',NULL,NULL,2,1,0,1)
  ,(138300,'客户余额',138000,'#/balanceManagement',NULL,NULL,3,1,0,1)
  ,(138400,'财务密码',138000,'#/paymentPwdManage',NULL,NULL,4,1,0,1)
  ,(139000,'驾驶舱',130000,'#/',NULL,NULL,8,1,0,1)
  ,(139100,'销售统计',139000,'#/sales',NULL,NULL,1,1,0,1)
  ,(139200,'财务分析',139000,'#/finance',NULL,NULL,2,1,0,1)
  ,(139300,'操作监管',139000,'#/operating',NULL,NULL,3,1,0,1)
  ,(139400,'运营监控',139000,'#/monitoring',NULL,NULL,4,1,0,1)
  ,(139500,'客服监管',139000,'#/customer-service',NULL,NULL,5,1,0,1)
  ,(139600,'服务监管',139000,'#/serviceregul',NULL,NULL,6,1,0,1)
  ,(140000,'客服管理',130000,'#/',NULL,NULL,9,1,0,1)
  ,(140100,'订单管理',140000,'#/orders',NULL,NULL,1,1,0,1)
  ,(140200,'物流更新',140000,'#/logistics',NULL,NULL,4,1,0,1)
  ,(140300,'留言管理',140000,'#/customerMessage',NULL,NULL,5,1,0,1)
  ,(140400,'工单管理',140000,'#/workOrder',NULL,NULL,6,1,0,1)
  ,(140500,'价格试算',140000,'#/tryBilling',NULL,NULL,7,1,0,1)
  ,(140700,'订单修改',140000,'#/orderModify',NULL,NULL,3,1,0,1)
  ,(160000,'贸易管理',1,'#/',NULL,NULL,4,1,0,1)
  ,(161000,'项目管理',160000,'#/',NULL,NULL,2,1,0,1)
  ,(161100,'新建项目',161000,'#/projectManage?module=trade&action=new',NULL,NULL,1,1,0,1)
  ,(161200,'审核项目',161000,'#/projectManage?module=trade&action=approval',NULL,NULL,2,1,0,1)
  ,(162000,'主数据管理',160000,'#/',NULL,NULL,1,1,0,1)
  ,(162100,'供应商',162000,'#/supplier?module=trade',NULL,NULL,1,1,0,1)
  ,(162200,'类别管理',162000,'#/specification',NULL,NULL,2,1,0,1)
  ,(164000,'商品管理',160000,'#/',NULL,NULL,3,1,0,1)
  ,(164100,'新建商品',164000,'#/commodity',NULL,NULL,1,1,0,1)
  ,(164200,'审核商品',164000,'#/commodityApproval',NULL,NULL,2,1,1,1)
  ,(165000,'客户管理',160000,'#/',NULL,NULL,4,1,0,1)
  ,(165100,'新建客户',165000,'#/customer?module=trade',NULL,NULL,1,1,0,1)
  ,(166000,'财务管理',160000,'#/',NULL,NULL,5,1,0,1)
  ,(166100,'应收账单',166000,'#/',NULL,NULL,1,1,0,1)
  ,(166110,'生成账单',166100,'#/billCreation?module=trade&submodule=receive',NULL,NULL,1,1,0,1)
  ,(166120,'审核账单',166100,'#/billApproval?module=trade&submodule=receive',NULL,NULL,2,1,0,1)
  ,(166200,'应付账单',166000,'#/',NULL,NULL,2,1,0,1)
  ,(166210,'生成账单',166200,'#/billCreation?module=trade&submodule=pay',NULL,NULL,1,1,0,1)
  ,(166220,'审核账单',166200,'#/billApproval?module=trade&submodule=pay',NULL,NULL,2,1,0,1)
  ,(166300,'资金账户管理',166000,'#/fundsAccount',NULL,NULL,3,1,0,1)
  ,(167000,'客服管理',160000,'#/',NULL,NULL,6,1,0,1)
  ,(167100,'订单管理',167000,'#/',NULL,NULL,1,1,0,1)
  ,(167110,'销售订单',167100,'#/tradeOrders?module=trade&action=sale',NULL,NULL,1,1,0,1)
  ,(167120,'采购订单',167100,'#/tradeOrders?module=trade&action=purchase',NULL,NULL,2,1,0,1)
  ,(167200,'留言管理',167000,'#/customerMessage?module=trade',NULL,NULL,2,1,0,1)
  ,(167300,'工单管理',167000,'#/workOrder?module=trade',NULL,NULL,3,1,0,1)
  ,(180000,'金融管理',1,'#/',NULL,NULL,5,1,1,1)
  ,(190000,'驾驶舱',1,'#/cockpit',NULL,NULL,6,1,0,1)
  ,(300000,'账户',3,'#/',NULL,NULL,1,1,0,3)
  ,(301000,'认证信息',300000,'/enterpriseInfo',NULL,NULL,1,1,0,3)
  ,(302000,'子账号管理',300000,'#/subAccount',NULL,NULL,2,1,0,3)
  ,(340000,'物流',3,'#/',NULL,NULL,2,1,0,3)
  ,(341000,'项目',340000,'#/',NULL,NULL,1,1,1,3)
  ,(341100,'查看项目',341000,'#/',NULL,NULL,1,1,0,3)
  ,(342000,'订单',340000,'#/',NULL,NULL,2,1,0,3)
  ,(342100,'订单管理',342000,'/order_manage',NULL,NULL,1,1,0,3)
  ,(342200,'直接下单',342000,'/product_list',NULL,NULL,2,1,0,3)
  ,(342300,'运单查询',342000,'/track_search',NULL,NULL,3,1,0,3)
  ,(342400,'运费试算',342000,'/feeTrial',NULL,NULL,4,1,0,3)
  ,(343000,'财务',340000,'#/',NULL,NULL,3,1,0,3)
  ,(343100,'账单管理',343000,'/billManage',NULL,NULL,1,1,0,3)
  ,(360000,'贸易',3,'#/',NULL,NULL,3,1,0,3)
  ,(361000,'项目',360000,'#/',NULL,NULL,1,1,1,3)
  ,(361100,'查看项目',361000,'#/',NULL,NULL,1,1,0,3)
  ,(362000,'订单',360000,'#/',NULL,NULL,2,1,0,3)
  ,(362100,'订单管理',362000,'#/orders_trade',NULL,NULL,1,1,0,3)
  ,(362200,'直接下单',362000,'#/newOrder_trade',NULL,NULL,2,1,0,3)
  ,(363000,'财务',360000,'#/',NULL,NULL,3,1,0,3)
  ,(363100,'账单管理',363000,'#/bill_trade',NULL,NULL,1,1,0,3)
  ,(380000,'金融',3,'#/',NULL,NULL,4,1,1,3)
;

INSERT INTO sys_menu_i18n (`refId`,`language`,localName) VALUES
     (1,'zh-HK','運營系統')
  ,(2,'zh-HK','供應商系統')
  ,(3,'zh-HK','客戶系統')
  ,(100000,'zh-HK','系統管理')
  ,(101000,'zh-HK','組織管理')
  ,(102000,'zh-HK','用戶組管理')
  ,(103000,'zh-HK','用戶管理')
  ,(104000,'zh-HK','角色管理')
  ,(105000,'zh-HK','資源管理')
  ,(110000,'zh-HK','主資料管理')
  ,(111000,'zh-HK','基礎數據')
  ,(111100,'zh-HK','國家')
  ,(111200,'zh-HK','地區')
  ,(111300,'zh-HK','幣種')
  ,(111400,'zh-HK','匯率')
  ,(111500,'zh-HK','結算方式')
  ,(111600,'zh-HK','費用類型')
  ,(113000,'zh-HK','契约管理')
  ,(113100,'zh-HK','契约範本')
  ,(113200,'zh-HK','契约清單')
  ,(130000,'zh-HK','物流管理')
  ,(131000,'zh-HK','主資料管理')
  ,(131300,'zh-HK','承運網站')
  ,(131310,'zh-HK','機場')
  ,(131320,'zh-HK','火車站')
  ,(131330,'zh-HK','港口')
  ,(131340,'zh-HK','汽車站')
  ,(131400,'zh-HK','承運公司')
  ,(131410,'zh-HK','航空公司')
  ,(131420,'zh-HK','鐵運公司')
  ,(131430,'zh-HK','船公司')
  ,(131440,'zh-HK','汽運公司')
  ,(131500,'zh-HK','承運工具')
  ,(131510,'zh-HK','飛機型號')
  ,(131520,'zh-HK','火車型號')
  ,(131530,'zh-HK','船舶資料')
  ,(131540,'zh-HK','汽車型號')
  ,(131600,'zh-HK','航線管理')
  ,(131610,'zh-HK','空運航線')
  ,(131620,'zh-HK','海運航線')
  ,(132000,'zh-HK','分區管理')
  ,(132100,'zh-HK','重量段')
  ,(132200,'zh-HK','供應商')
  ,(133000,'zh-HK','項目管理')
  ,(133100,'zh-HK','新建項目')
  ,(133200,'zh-HK','稽核項目')
  ,(134000,'zh-HK','服務管理')
  ,(134100,'zh-HK','新建服務')
  ,(134200,'zh-HK','稽核服務')
  ,(135000,'zh-HK','產品管理')
  ,(135100,'zh-HK','新建產品')
  ,(135200,'zh-HK','稽核產品')
  ,(136000,'zh-HK','價格管理')
  ,(136100,'zh-HK','採購價')
  ,(136110,'zh-HK','新建價格')
  ,(136120,'zh-HK','稽核價格')
  ,(136200,'zh-HK','銷售價')
  ,(136210,'zh-HK','新建價格')
  ,(136220,'zh-HK','稽核價格')
  ,(136300,'zh-HK','價格套餐')
  ,(137000,'zh-HK','客戶管理')
  ,(137100,'zh-HK','新建客戶')
  ,(137200,'zh-HK','客戶稽核')
  ,(138000,'zh-HK','財務管理')
  ,(138100,'zh-HK','應收帳單')
  ,(138110,'zh-HK','生成帳單')
  ,(138120,'zh-HK','稽核帳單')
  ,(138200,'zh-HK','應付帳單')
  ,(138210,'zh-HK','生成帳單')
  ,(138220,'zh-HK','稽核帳單')
  ,(139000,'zh-HK','駕駛艙')
  ,(139100,'zh-HK','銷售統計')
  ,(139200,'zh-HK','財務分析')
  ,(139300,'zh-HK','操作監管')
  ,(139400,'zh-HK','運營監控')
  ,(139500,'zh-HK','客服監管')
  ,(139600,'zh-HK','服務監管')
  ,(140000,'zh-HK','客服管理')
  ,(140100,'zh-HK','訂單管理')
  ,(140200,'zh-HK','物流更新')
  ,(140300,'zh-HK','留言管理')
  ,(140400,'zh-HK','工單管理')
  ,(140500,'zh-HK','價格試算')
  ,(160000,'zh-HK','貿易管理')
  ,(161000,'zh-HK','項目管理')
  ,(161100,'zh-HK','新建項目')
  ,(161200,'zh-HK','稽核項目')
  ,(162000,'zh-HK','主資料管理')
  ,(162100,'zh-HK','供應商')
  ,(162200,'zh-HK','類別管理')
  ,(164000,'zh-HK','商品管理')
  ,(164100,'zh-HK','新建商品')
  ,(164200,'zh-HK','稽核商品')
  ,(165000,'zh-HK','客戶管理')
  ,(165100,'zh-HK','新建客戶')
  ,(166000,'zh-HK','財務管理')
  ,(166100,'zh-HK','應收帳單')
  ,(166110,'zh-HK','生成帳單')
  ,(166120,'zh-HK','稽核帳單')
  ,(166200,'zh-HK','應付帳單')
  ,(166210,'zh-HK','生成帳單')
  ,(166220,'zh-HK','稽核帳單')
  ,(167000,'zh-HK','客服管理')
  ,(167100,'zh-HK','訂單管理')
  ,(167110,'zh-HK','銷售訂單')
  ,(167120,'zh-HK','採購訂單')
  ,(167200,'zh-HK','留言管理')
  ,(167300,'zh-HK','工單管理')
  ,(180000,'zh-HK','金融管理')
  ,(1,'en-US','Operating system')
  ,(2,'en-US','Supplier system')
  ,(3,'en-US','Customer system')
  ,(100000,'en-US','System management')
  ,(101000,'en-US','Organization')
  ,(102000,'en-US','User group')
  ,(103000,'en-US','User')
  ,(104000,'en-US','Role')
  ,(105000,'en-US','Resource')
  ,(110000,'en-US','Data management')
  ,(111000,'en-US','Basic data')
  ,(111100,'en-US','Country')
  ,(111200,'en-US','Area')
  ,(111300,'en-US','Currency')
  ,(111400,'en-US','Exchange rate')
  ,(111500,'en-US','Settlement')
  ,(111600,'en-US','Cost type')
  ,(113000,'en-US','Contract management')
  ,(113100,'en-US','Contract template')
  ,(113200,'en-US','Contract list')
  ,(130000,'en-US','Logistics management')
  ,(131000,'en-US','Data management')
  ,(131300,'en-US','Carrier site')
  ,(131310,'en-US','Airport')
  ,(131320,'en-US','Railway station')
  ,(131330,'en-US','Port')
  ,(131340,'en-US','Motor station')
  ,(131400,'en-US','Carrier')
  ,(131410,'en-US','Airline company')
  ,(131420,'en-US','Train operating company')
  ,(131430,'en-US','Maritime Company')
  ,(131440,'en-US','Automobile conveyance company')
  ,(131500,'en-US','Conveyance')
  ,(131510,'en-US','Airplane models')
  ,(131520,'en-US','Train types')
  ,(131530,'en-US','Ship types')
  ,(131540,'en-US','Truck types')
  ,(131600,'en-US','Line')
  ,(131610,'en-US','Airlines')
  ,(131620,'en-US','Shipping lines')
  ,(132000,'en-US','Zone management')
  ,(132100,'en-US','Weight')
  ,(132200,'en-US','Supplier')
  ,(133000,'en-US','Project management')
  ,(133100,'en-US','New project')
  ,(133200,'en-US','Approve project')
  ,(134000,'en-US','Service')
  ,(134100,'en-US','Service maintenance')
  ,(134200,'en-US','Service approval')
  ,(135000,'en-US','Product')
  ,(135100,'en-US','Product maintenance')
  ,(135200,'en-US','Product approval')
  ,(136000,'en-US','Price')
  ,(136100,'en-US','Purchasing Price')
  ,(136110,'en-US','Price maintenance')
  ,(136120,'en-US','Price approval')
  ,(136200,'en-US','Sales Price')
  ,(136210,'en-US','Price maintenance')
  ,(136220,'en-US','Price approval')
  ,(136300,'en-US','Price Combo')
  ,(137000,'en-US','customer management')
  ,(137100,'en-US','Customer creation')
  ,(137200,'en-US','Customer approval')
  ,(138000,'en-US','Financial management')
  ,(138100,'en-US','Bill receive')
  ,(138110,'en-US','Bill creation')
  ,(138120,'en-US','Bill Approval')
  ,(138200,'en-US','Bill pay')
  ,(138210,'en-US','Bill creation')
  ,(138220,'en-US','Bill Approval')
  ,(139000,'en-US','Cockpit')
  ,(139100,'en-US','Sales statistics')
  ,(139200,'en-US','Financial analysis')
  ,(139300,'en-US','Operation supervision')
  ,(139400,'en-US','Operation monitoring')
  ,(139500,'en-US','Customer service supervision')
  ,(139600,'en-US','Service supervision')
  ,(140000,'en-US','customer service')
  ,(140100,'en-US','Order management')
  ,(140200,'en-US','Logistics update')
  ,(140300,'en-US','Customer message')
  ,(140400,'en-US','Work order')
  ,(140500,'en-US','Price estimation')
  ,(160000,'en-US','Trade management')
  ,(161000,'en-US','Project management')
  ,(161100,'en-US','New project')
  ,(161200,'en-US','Approve project')
  ,(162000,'en-US','Data management')
  ,(162100,'en-US','Supplier')
  ,(162200,'en-US','Category management')
  ,(164000,'en-US','Commodity management')
  ,(164100,'en-US','New commodity')
  ,(164200,'en-US','Approve commodity')
  ,(165000,'en-US','customer management')
  ,(165100,'en-US','customers')
  ,(166000,'en-US','Financial management')
  ,(166100,'en-US','Bill receive')
  ,(166110,'en-US','Bill creation')
  ,(166120,'en-US','Bill Approval')
  ,(166200,'en-US','Bill pay')
  ,(166210,'en-US','Bill creation')
  ,(166220,'en-US','Bill Approval')
  ,(167000,'en-US','customer service')
  ,(167100,'en-US','Order management')
  ,(167110,'en-US','Sales order')
  ,(167120,'en-US','Purchase orders')
  ,(167200,'en-US','Customer message')
  ,(167300,'en-US','Work order')
  ,(180000,'en-US','Financial management')
  ,(300000,'zh-HK','帳戶')
  ,(301000,'zh-HK','認證資訊')
  ,(302000,'zh-HK','子帳號管理')
  ,(340000,'zh-HK','物流')
  ,(341000,'zh-HK','項目')
  ,(341100,'zh-HK','查看項目')
  ,(342000,'zh-HK','訂單')
  ,(342100,'zh-HK','訂單管理')
  ,(342200,'zh-HK','直接下單')
  ,(342300,'zh-HK','運單査詢')
  ,(342400,'zh-HK','運費試算')
  ,(343000,'zh-HK','財務')
  ,(343100,'zh-HK','帳單管理')
  ,(360000,'zh-HK','貿易')
  ,(361000,'zh-HK','項目')
  ,(361100,'zh-HK','查看項目')
  ,(362000,'zh-HK','訂單')
  ,(362100,'zh-HK','訂單管理')
  ,(362200,'zh-HK','直接下單')
  ,(363000,'zh-HK','財務')
  ,(363100,'zh-HK','帳單管理')
  ,(380000,'zh-HK','金融')
  ,(300000,'en-US','Account')
  ,(301000,'en-US','Authentication')
  ,(302000,'en-US','Sub-Account')
  ,(340000,'en-US','Logistics')
  ,(341000,'en-US','Project')
  ,(341100,'en-US','Project list')
  ,(342000,'en-US','Order')
  ,(342100,'en-US','Orders')
  ,(342200,'en-US','Create order')
  ,(342300,'en-US','Waybill survey')
  ,(342400,'en-US','Freight trial')
  ,(343000,'en-US','Financial')
  ,(343100,'en-US','Bills')
  ,(360000,'en-US','Trade')
  ,(361000,'en-US','Project')
  ,(361100,'en-US','Project list')
  ,(362000,'en-US','Order')
  ,(362100,'en-US','Orders')
  ,(362200,'en-US','Create order')
  ,(363000,'en-US','Financial')
  ,(363100,'en-US','Bills')
  ,(380000,'en-US','Financial')
  ,(131700,'zh-HK','航線班次')
  ,(131710,'zh-HK','空運班次')
  ,(131720,'zh-HK','海運班次')
  ,(131700,'en-US','Line setting')
  ,(131710,'en-US','Flight setting')
  ,(131720,'en-US','Shipping setting')
  ,(140700,'zh-HK','訂單修改')
  ,(140700,'en-US','Modify order')
  ,(138300,'zh-HK','客戶餘額')
  ,(138400,'zh-HK','財務密碼')
  ,(138300,'en-US','Customer balance')
  ,(138400,'en-US','Financial cipher')
  ,(132300,'zh-HK','單號管理')
  ,(132310,'zh-HK','運單號')
  ,(132320,'zh-HK','渠道單號')
  ,(132300,'en-US','Order number')
  ,(132310,'en-US','Waybill number')
  ,(132320,'en-US','Channel number')
  ,(166300,'zh-HK','資金帳戶管理')
  ,(166300,'en-US','Fund management')
  ,(190000,'zh-HK','駕駛艙')
  ,(190000,'en-US','Dashboard')
;


INSERT INTO biz_verifyrules (id,name,code,format,regex,createTime,`type`,example) VALUES
  (1,'十六位纯数字','rule001','*** *** *** *** *** *','^[0-9]{16}$',sysdate(),1,'1234567890123456')
  ,(2,'3字母+9数字+1字母','rule002','### *** *** *** #','^[A-Z]{3}[0-9]{9}[A-Z]$',sysdate(),1,'ABC123456789D')
  ,(3,'十位纯数字(运单号规则)','WaybillRule','*** *** *** *','^[0-9]{10}$',sysdate(),2,'1234567890')
  ,(4,'邮政规则','MailRule','## *** *** *** ##','^[A-Z]{2}[0-9]{9}[A-Z]{2}$',sysdate(),1,'AA999999999BB')
;


#permission
INSERT INTO sys_permission (id,`catalog`,code,name,description,domainId) VALUES
  (1,'sys-sys','menu:view','view menu','view menu',1)
  ,(186,'sys-cusservice','ord-tracking-abnormal:hidden','tracking management abnormal hidden','tracking management',1)
  ,(187,'sys-cusservice','ord-tracking-normal:hidden','tracking management normal hidden','tracking management',1)
  ,(101000,'sys-sys','org:mgt','org management','org management',1)
  ,(102000,'sys-sys','user-group:mgt','user-group management','user-group management',1)
  ,(103000,'sys-sys','user:mgt','user management','user management',1)
  ,(104000,'sys-sys','role:mgt','role management','role management',1)
  ,(105000,'sys-sys','menu:mgt','menu management','menu management',1)
  ,(111100,'sys-basedata','base-data-country:mgt','base data country management','base data management',1)
  ,(111200,'sys-basedata','base-data-area:mgt','base data area management','base data management',1)
  ,(111300,'sys-basedata','base-data-currency:mgt','base data currency management','base data management',1)
  ,(111400,'sys-basedata','base-data-rate:mgt','base data rate management','base data management',1)
  ,(111500,'sys-basedata','base-data-settype:mgt','base data settype management','base data management',1)
  ,(111600,'sys-basedata','base-data-feetype:mgt','base data feetype management','base data management',1)
  ,(113100,'sys-basedata','base-data-cont-template:mgt','base data contract template management','base data management',1)
  ,(113200,'sys-basedata','base-data-cont-contract:mgt','base data contract management','base data management',1)
  ,(131310,'sys-log-basedata','base-data-station-airport:mgt','base data station airport management','base data management',1)
  ,(131320,'sys-log-basedata','base-data-station-railway:mgt','base data station railway management','base data management',1)
  ,(131330,'sys-log-basedata','base-data-station-port:mgt','base data station port management','base data management',1)
  ,(131340,'sys-log-basedata','base-data-station-truck:mgt','base data station truck management','base data management',1)
  ,(131410,'sys-log-basedata','base-data-carrier-airline:mgt','base data carrier airline management','base data management',1)
  ,(131420,'sys-log-basedata','base-data-carrier-railroad:mgt','base data carrier railroad management','base data management',1)
  ,(131430,'sys-log-basedata','base-data-carrier-maritime:mgt','base data carrier maritime management','base data management',1)
  ,(131440,'sys-log-basedata','base-data-carrier-highway:mgt','base data carrier highway management','base data management',1)
  ,(131510,'sys-log-basedata','base-data-transport-airplane:mgt','base data transport airplane management','base data management',1)
  ,(131520,'sys-log-basedata','base-data-transport-train:mgt','base data transport train management','base data management',1)
  ,(131530,'sys-log-basedata','base-data-transport-ship:mgt','base data transport ship management','base data management',1)
  ,(131540,'sys-log-basedata','base-data-transport-truck:mgt','base data transport truck management','base data management',1)
  ,(131610,'sys-log-basedata','base-data-line-air:mgt','base data airline management','base data management',1)
  ,(131620,'sys-log-basedata','base-data-line-shipping:mgt','base data shipping line management','base data management',1)
  ,(131710,'sys-log-basedata','sys-log-flightsetting:mgt','flight setting management','flight setting management',1)
  ,(131720,'sys-log-basedata','sys-log-shippingsetting:mgt','shipping setting management','shipping setting management',1)
  ,(132000,'sys-log-basedata','base-data-region:mgt','base data zone management','base data management',1)
  ,(132100,'sys-log-basedata','base-data-weight:mgt','base data weight management','base data management',1)
  ,(132200,'sys-log-basedata','base-data-supplier-logistics:mgt','base data supplier management','base data management',1)
  ,(132310,'sys-log-basedata','base-data-waybill-number:mgt','base data waybill number management','base data management',1)
  ,(132320,'sys-log-basedata','base-data-channel-number:mgt','base data channel number management','base data management',1)
  ,(133100,'sys-log-basedata','base-data-proj-project:mgt','base data project management','base data management',1)
  ,(133200,'sys-log-basedata','base-data-proj-project-approval:mgt','base data project approval management','base data management',1)
  ,(134100,'sys-log-svc','base-data-service:mgt','base data service maintenance management','base data management',1)
  ,(134200,'sys-log-svc','base-data-service-approval:mgt','base data service approval management','base data management',1)
  ,(135100,'sys-log-prod','base-data-product:mgt','base data product maintenance management','base data management',1)
  ,(135200,'sys-log-prod','base-data-product-approval:mgt','base data product approval management','base data management',1)
  ,(136110,'sys-log-price','base-data-price-cost:mgt','base data cost price maintenance','base data management',1)
  ,(136120,'sys-log-price','base-data-price-cost-approval:mgt','base data cost price approval','base data management',1)
  ,(136210,'sys-log-price','base-data-price-sales:mgt','base data sales price maintenance','base data management',1)
  ,(136220,'sys-log-price','base-data-price-sales-approval:mgt','base data sales price approval','base data management',1)
  ,(136300,'sys-log-price','base-data-price-combo:mgt','base data price combo management','base data management',1)
  ,(137100,'sys-log-customer','customer:mgt','customer management','customer management',1)
  ,(137200,'sys-log-customer','customer-approval:mgt','customer approval management','customer approval management',1)
  ,(138110,'sys-log-finance','base-data-financial:mgt','finance bill creation','finance management',1)
  ,(138120,'sys-log-finance','base-data-financial-approval:mgt','finance bill approval','finance management',1)
  ,(138210,'sys-log-finance','base-data-financial-pay:mgt','finance bill creation','finance management',1)
  ,(138220,'sys-log-finance','base-data-financial-approval-pay:mgt','finance bill approval','finance management',1)
  ,(138300,'sys-log-finance','base-data-customer-balance:mgt','customer balance','finance management',1)
  ,(138400,'sys-log-finance','base-data-payment-password:mgt','payment password','finance management',1)
  ,(140100,'sys-log-cusservice','csr-orders:mgt','customer service request orders management','customer service management',1)
  ,(140200,'sys-log-cusservice','csr-logistics:mgt','customer service request logistics management','customer service management',1)
  ,(140300,'sys-log-cusservice','csr-messages:mgt','customer service request management','customer service management',1)
  ,(140400,'sys-log-cusservice','csr-work-order:mgt','customer service work-order management','customer service management',1)
  ,(140500,'sys-log-cusservice','csr-tryBilling:mgt','customer service request tryBilling management','customer service management',1)
  ,(140600,'sys-log-cusservice','csr-orders-query:mgt','order query management','customer service management',1)
  ,(140700,'sys-log-cusservice','csr-orders-update:mgt','order update ','customer service management',1)
  ,(161100,'sys-trd-project','trd-proj-project:mgt','commodity service for trade','commodity service for trade',1)
  ,(161200,'sys-trd-project','trd-proj-project-approval:mgt','commodity service for trade','commodity service for trade',1)
  ,(162100,'sys-trd-supplier','base-data-supplier-trade:mgt','supplier service for trade','supplier service for trade',1)
  ,(164100,'sys-trd-commodity','base-data-trade:mgt','commodity service for trade','commodity service for trade',1)
  ,(164200,'sys-trd-commodity','base-data-trade-approval:mgt','commodity service for trade','commodity service for trade',1)
  ,(165100,'sys-trd-customer','sys-trade-customer:mgt','customer service for trade','customer service for trade',1)
  ,(166110,'sys-trd-bill','sys-trade-bill-receivable-new:mgt','bill service for trade','bill service for trade',1)
  ,(166120,'sys-trd-bill','sys-trade-bill-receivable-approval:mgt','bill service for trade','bill service for trade',1)
  ,(166210,'sys-trd-bill','sys-trade-bill-payable-new:mgt','bill service for trade','bill service for trade',1)
  ,(166220,'sys-trd-bill','sys-trade-bill-payable-approval:mgt','bill service for trade','bill service for trade',1)
  ,(166300,'sys-funds-account','base-funds-account:mgt','base funds account management','base funds account management',1)
  ,(167110,'sys-trd-order','sys-trade-order-sales:mgt','order service for trade','order service for trade',1)
  ,(167120,'sys-trd-order','sys-trade-order-purchase:mgt','order service for trade','order service for trade',1)
  ,(167400,'sys-trd-order','sys-trade-order-query:mgt','order query management','order service management',1)
  ,(301000,'cus-company','cus-company:mgt','customer system company management','customer system company management',3)
  ,(302000,'cus-account','cus-sub-account:mgt','customer system sub-account management','customer system sub-account management',3)
  ,(342100,'cus-log-order','cus-ord-order:mgt','customer system order management','customer system order management',3)
  ,(342200,'cus-log-order','cus-ord-order:new','customer system new order','customer system new order',3)
  ,(343100,'cus-log-bill','cus-ord-bill:mgt','customer system bill management','customer system bill management',3)
  ,(362100,'cus-trd-order','cus-trd-order:mgt','customer trade order management','customer trade order management',3)
  ,(362200,'cus-trd-order','cus-trd-order:new','customer trade new order','customer trade new order',3)
  ,(363100,'cus-trd-bill','cus-trd-bill:mgt','customer trade bill management','customer trade bill management',3)
;

#menu-permission-relationship
INSERT INTO sys_menu_permission (menuId,permissionId) VALUES
   (101000,101000)
  ,(102000,102000)
  ,(103000,103000)
  ,(104000,104000)
  ,(104000,105000)
  ,(105000,105000)
  ,(111100,111100)
  ,(111200,111200)
  ,(111300,111300)
  ,(111400,111400)
  ,(111500,111500)
  ,(111600,111600)
  ,(113100,113100)
  ,(113200,113200)
  ,(131310,131310)
  ,(131320,131320)
  ,(131330,131330)
  ,(131340,131340)
  ,(131410,131410)
  ,(131420,131420)
  ,(131430,131430)
  ,(131440,131440)
  ,(131510,131510)
  ,(131520,131520)
  ,(131530,131530)
  ,(131540,131540)
  ,(131610,131610)
  ,(131620,131620)
  ,(132000,132000)
  ,(132100,132100)
  ,(132200,132200)
  ,(133100,133100)
  ,(133200,133200)
  ,(134100,134100)
  ,(134200,134200)
  ,(135100,135100)
  ,(135200,135200)
  ,(136110,136110)
  ,(136120,136120)
  ,(136210,136210)
  ,(136220,136220)
  ,(136300,136300)
  ,(137100,137100)
  ,(137200,137200)
  ,(138110,138110)
  ,(138120,138120)
  ,(138210,138210)
  ,(138220,138220)
  ,(140100,140100)
  ,(140200,140200)
  ,(140300,140300)
  ,(140400,140400)
  ,(140500,140500)
  ,(161100,161100)
  ,(161200,161200)
  ,(162100,162100)
  ,(164100,164100)
  ,(164200,164200)
  ,(165100,165100)
  ,(166110,166110)
  ,(166120,166120)
  ,(166210,166210)
  ,(166220,166220)
  ,(166300,166300)
  ,(167110,167110)
  ,(167120,167120)
  ,(301000,301000)
  ,(302000,302000)
  ,(342100,342100)
  ,(342200,342200)
  ,(343100,343100)
  ,(362100,362100)
  ,(362200,362200)
  ,(363100,363100)
  ,(140600,140600)
  ,(167400,167400)
  ,(131710,131710)
  ,(131720,131720)
  ,(167300,140400)
  ,(167200,140300)
  ,(140700,140700)
  ,(138300,138300)
  ,(138400,138400)
  ,(132310,132310)
  ,(132320,132320)
;

INSERT INTO `sys_authorization` (`roleId`,`resType`,`resId`,`permissionId`) VALUES
  (3, 1, 301000, 1)
  ,(3, 1, 302000, 1)
  ,(3, 1, 342100, 1)
  ,(3, 1, 342200, 1)
  ,(3, 1, 343100, 1)
  ,(3, 2, 301000, 301000)
  ,(3, 2, 302000, 302000)
  ,(3, 2, 342100, 342100)
  ,(3, 2, 342200, 342200)
  ,(3, 2, 343100, 343100)
  ,(5, 2, 187, 187)
  ,(6, 2, 186, 186)
  ,(6, 2, 187, 187)
;


INSERT INTO `sys_config` (`catalog`,`keyName`,`value`) VALUES
  ('sys.database.tables.schema','version','14.0')
  ,('biz.data.primary.maintenance.mode','biz.country','1')
  ,('biz.data.primary.maintenance.mode','biz.currency','1')
;

INSERT INTO `sys_dict` (`catalog`,`code`,`name`,`ordinal`,`description`) VALUES
 ('biz.feetype.type','1','运输费',0,NULL)
,('biz.feetype.type','2','附加费',0,NULL)
,('biz.feetype.type','3','杂费',0,NULL)
,('biz.service.type','ST001','揽收',0,NULL)
,('biz.service.type','ST002','仓储',0,NULL)
,('biz.service.type','ST003','清关',0,NULL)
,('biz.service.type','ST004','干线',0,NULL)
,('biz.service.type','ST005','配送',0,NULL)
,('biz.service.type','ST006','综合',0,NULL)
,('sys.user.position','P001','总经理',6,NULL)
,('sys.user.position','P002','研发经理',8,NULL)
,('sys.user.position','P003','研发工程师',9,NULL)
,('sys.user.position','P004','测试工程师',10,NULL)
,('sys.unit.weight','kg','千克',1,NULL)
,('sys.unit.weight','g','克',2,NULL)
,('sys.unit.weight','t','吨',3,NULL)
,('sys.unit.weight','lb','磅',4,NULL)
,('sys.unit.weight','oz','盎司',5,NULL)
,('sys.unit.weight.trade','lumpsum','Lumpsum',6,NULL)
,('sys.unit.weight.trade','barrels','Barrels',7,NULL)
,('sys.unit.weight.trade','drums','Drums',8,NULL)
,('sys.unit.weight.trade','mts.','Mts.',9,NULL)
,('sys.unit.length','m','米',1,NULL)
,('sys.unit.length','km','千米',2,NULL)
,('sys.unit.length','cm','厘米',3,NULL)
,('sys.unit.length','mm','毫米',4,NULL)
,('sys.unit.length','in','英寸',5,NULL)
,('biz.cargo.type','GT001','文件',0,NULL)
,('biz.cargo.type','GT002','普通小包',0,NULL)
,('biz.cargo.type','GT003','普通大包',0,NULL)
,('biz.cargo.type','GT004','生鲜',0,NULL)
,('biz.cargo.type','GT005','电子',0,NULL)
,('biz.cargo.type','GT006','电池',0,NULL)
,('biz.price.calctype','PCT_SUM','总价',1,NULL)
,('biz.price.calctype','PCT_PRICE','单价',2,NULL)
,('biz.price.calctype','PCT_CONTINUEPRICE','续单价',3,NULL)
,('biz.price.calctype','PCT_CONTINUESECTIONPRICE','续阶单价',4,NULL)
,('biz.product.weight.value.type','max','实重和体积重取最大',0,'产品计重规则取值方式')
,('biz.product.weight.value.type','min','实重和体积重取最小',0,'产品计重规则取值方式')
,('biz.product.serives.property','MAIN','主服务',1,'产品服务属性')
,('biz.product.serives.property','REQUIRED','必选服务',2,'产品服务属性')
,('biz.product.serives.property','OPTIONAL','可选服务',3,'产品服务属性')
,('biz.product.estimated.unit','HOUR','小时',0,'产品预估时效')
,('biz.product.estimated.unit','DAY','天',0,'产品预估时效')
,('biz.product.estimated.unit','WEEK','周',0,'产品预估时效')
,('biz.product.estimated.unit','MONTH','月',0,'产品预估时效')
,('biz.port.type','sea_port','海港',0,NULL)
,('biz.port.type','inner_port','内港',0,NULL)
,('app.csr.workorder.type','0','售前咨询',0,NULL)
,('app.csr.workorder.type','1','售后咨询',0,NULL)
,('app.csr.workorder.type','2','订单问题',0,NULL)
,('app.csr.workorder.type','3','其他',0,NULL)
,('ord.tracking.add.type','2','子订单号',2,NULL)
,('ord.tracking.add.type','1','订单号',1,NULL)
,('biz.unit.base','pieces','件',1,NULL)
,('biz.unit.base','kg','千克',2,NULL)
,('biz.unit.base','one','个',3,NULL)
,('biz.unit.base','box','箱',4,NULL)
,('biz.unit.base','station','台',5,NULL)
,('biz.unit.base','group','组',6,NULL)
,('biz.unit.base','package','包',7,NULL)
,('biz.unit.base','set','套',8,NULL)
,('ord_status_code_opertype','2','操作',1,'订单物流状态操作类型')
,('ord_status_code_opertype','3','揽收',2,'订单物流状态操作类型')
,('ord_status_code_opertype','4','干线',3,'订单物流状态操作类型')
,('ord_status_code_opertype','5','海关',4,'订单物流状态操作类型')
,('ord_status_code_opertype','6','配送',5,'订单物流状态操作类型')
,('sys.user.position','P005','董事长',1,NULL)
,('sys.user.position','P006','总裁',2,NULL)
,('sys.user.position','P007','副总裁',3,NULL)
,('sys.user.position','P008','财务总监',4,NULL)
,('sys.user.position','P009','总裁助理',5,NULL)
,('sys.user.position','P010','副总经理',7,NULL)
,('biz.service.trade.type','TST001','农产品',0,'农产品')
,('biz.service.trade.type','TST002','能源',1,'能源')
,('biz.service.trade.type','TST003','化工',2,'化工')
,('biz.trade.businesstype', '1', '物流', 1, '贸易平台业务类别')
,('biz.trade.businesstype', '2', '贸易', 2, '贸易平台业务类别')
,('ord.attachment.type', 'P1001', '装箱单', 1, 'P1代表Phase 1（草稿和已下单阶段）可视情况修改')
,('ord.attachment.type', 'P2001', '随车清单模板', 2, 'P2代表Phase 2（已受理阶段）')
,('ord.attachment.type', 'P2002', '随车清单', 3,'P2代表Phase 2（已受理阶段）')
,('ord.attachment.type', 'P2003', '集港通知书', 4, 'P2代表Phase 2（已受理阶段）')
,('ord.attachment.type', 'P2004', '提单样本', 5, 'P2代表Phase 2（已受理阶段）')
,('ord.attachment.type', 'P2005', '原产地证书', 6, 'P2代表Phase 2（已受理阶段）')
,('ord.attachment.type', 'P2006', '检测报告', 7, 'P2代表Phase 2（已受理阶段）')
,('ord.attachment.type', 'P3001', '报关单', 8, 'P3代表Phase 3（已揽收阶段）')
,('ord.attachment.type', 'P3002', '商业发票', 9, 'P3代表Phase 3（已揽收阶段）')
,('ord.attachment.type', 'P3003', '出口合同', 10, 'P3代表Phase 3（已揽收阶段）')
,('ord.attachment.type', 'P3004', '进口合同', 11, 'P3代表Phase 3（已揽收阶段）')
,('ord.attachment.type', 'P3005', '承包资格证书', 12, 'P3代表Phase 3（已揽收阶段）')
,('ord.attachment.type', 'P3006', '提单草本', 13, 'P3代表Phase 3（已揽收阶段）')
,('ord.attachment.type', 'P3007', '提单', 14, 'P3代表Phase 3（已揽收阶段）')
,('ord.attachment.type', 'P3008', '保函', 15, 'P3代表Phase 3（已揽收阶段）')
,('ord.attachment.type', 'P3009', '海关放行单', 16, 'P3代表Phase 3（已揽收阶段）')
,('ord.attachment.type', 'P5001', '确认函', 17, 'P5代表Phase 5（已签收阶段）')
,('ord.attachment.type', 'P5002', '发票', 18, 'P5代表Phase 5（已签收阶段）')
,('ord.attachment.type', 'P0001', '其他相关文件', 19, 'P0指代所有阶段均可使用的文体或文件类型')
,('biz.message.notice.type', 'email', '邮件', 1, '信息通知类型：邮件')
,('biz.message.notice.type', 'sms', '短信', 0, '消息通知类型：短信')
,('biz.linetype.base','INTERNAL','国内干线',1,'国内干线')
,('biz.linetype.base','INTERNATIONAL','国际干线',2,'国际干线')
,('biz.linetype.base','INTERNAL_BRANCH','国内支线',3,'国内支线')
,('biz.linetype.base','INTERNATIONAL_BRANCH','国际支线',4,'国际支线')
,('trd.order.file.type','3','合同','0','合同')
,('trd.order.file.type','1','发货确认单','1','订单确认单文件')
,('trd.order.file.type','2','收货确认单','2','收货确认单文件')
,('trd.order.file.type','4','付款凭证','3','付款凭证')
,('trd.order.file.type','5','其他相关文件','4','其他相关文件');


INSERT INTO `sys_dict_i18n` (`refId`,`language`,`localName`) VALUES
  (1,'en-US','Shipping')
  ,(2,'en-US','Surcharges')
  ,(3,'en-US','Incidentals')
;


INSERT INTO biz_message_template (id,name,templateType,refParentId,templateUrl,templateKey,createTime) VALUES
  (1,'订单状态模板','sms',1,'SMS_86310011','orderNo,orderStatus,phone',sysdate())
  ,(2,'订单状态模板','email',1,'orderMessage.ftl','orderNo,orderStatus,phone,url',sysdate());

INSERT INTO  biz_product_group (id,name,parentId,isDeleted,ordinal,image) VALUES
  (1,'全球海运',0,0,1,NULL)
  ,(2,'海运出口',1,0,2,NULL)
  ,(3,'内贸海运',1,0,3,NULL)
  ,(4,'海运进口',1,0,1,NULL)
  ,(5,'散杂运输',1,0,4,NULL)
  ,(6,'全球空运',0,0,2,NULL)
  ,(7,'空运进口',6,0,1,NULL)
  ,(8,'空运出口',6,0,2,NULL)
  ,(9,'内贸空运',6,0,3,NULL)
  ,(11,'全球速递',0,0,3,NULL)
  ,(12,'国内速递',11,0,1,NULL)
  ,(13,'跨境速递',11,0,2,NULL)
  ,(14,'仓配一体',0,0,4,NULL)
  ,(15,'冷链物流',0,0,5,NULL)
  ,(16,'工程物流',0,0,6,NULL)
  ,(17,'仓配一体',14,0,1,NULL)
  ,(18,'冷链物流',15,0,1,NULL)
  ,(19,'工程物流',16,0,1,NULL)
;

INSERT INTO `sys_unit_conversion`(`id`,`type`,`code`,`value`) VALUES
  (1,'weight','kg',1.0000000000),(2,'weight','g',1000.0000000000),
  (3,'weight','t',0.0010000000),(4,'weight','lb',2.2046226000),
  (5,'weight','oz',35.2739619000),(6,'length','m',1.0000000000),
  (7,'length','km',0.0010000000),(8,'length','mm',1000.0000000000),
  (9,'length','cm',100.0000000000),(10,'length','in',39.3700787000);

INSERT INTO ord_order_status_code
(`rank`, code, `type`, operType, isReviseStatus, orderStatus, createTime, lastUpdateTime, messageTemplate, description)
VALUES
  (1, '201', 1, 2, 1, '102', sysdate(), sysdate(), '下单成功，等待系统确认', '已提交')
  ,(3, '202', 1, 2, 0, '', sysdate(), sysdate(), '订单已发送至供应商，等待受理', NULL)
  ,(1, '203', 1, 2, 1, '103', sysdate(), sysdate(), '已成功受理，通知收货', '已受理')
  ,(1, '204', 1, 2, 0, '', sysdate(), sysdate(), '货物正在分拣扫描', NULL)
  ,(2, '205', 2, 2, 0, '', sysdate(), sysdate(), '受理失败，产品已停用', NULL)
  ,(3, '206', 2, 2, 0, '', sysdate(), sysdate(), '受理失败，供应商变更', NULL)
  ,(2, '207', 2, 2, 0, '', sysdate(), sysdate(), '客户催件', NULL)
  ,(3, '209', 2, 2, 0, '', sysdate(), sysdate(), '供应商修改订单信息', NULL)
  ,(2, '210', 2, 2, 0, '', sysdate(), sysdate(), '运单破损', NULL)
  ,(3, '211', 2, 2, 0, '', sysdate(), sysdate(), '客户问题（公司重组、拆分、破产等）导致订单中断', NULL)
  ,(3, '212', 2, 2, 0, '', sysdate(), sysdate(), '货物遗失', NULL)
  ,(3, '213', 2, 2, 0, '', sysdate(), sysdate(), '货物有问题（违法、扣查等）', NULL)
  ,(3, '214', 2, 2, 0, '', sysdate(), sysdate(), '供应商问题（公司重组、拆分、破产等）导致订单中断', NULL)
  ,(2, '215', 2, 2, 0, '', sysdate(), sysdate(), '受理失败，客户账户异常', NULL)
  ,(1, '301', 1, 3, 0, '', sysdate(), sysdate(), '正在前往【{0}】收货', NULL)
  ,(2, '302', 1, 3, 0, '', sysdate(), sysdate(), '货物信息核实无误', NULL)
  ,(1, '303', 1, 3, 0, '', sysdate(), sysdate(), '货物已到达【{0}】，正在入库', NULL)
  ,(1, '304', 1, 3, 1, '104', sysdate(), sysdate(), '货物已到达【{0}】，入仓完成', '已收货')
  ,(2, '305', 2, 3, 0, '', sysdate(), sysdate(), '揽收失败，无法联系客户', NULL)
  ,(2, '306', 2, 3, 0, '', sysdate(), sysdate(), '揽收失败，货物类型不符', NULL)
  ,(2, '307', 2, 3, 0, '', sysdate(), sysdate(), '揽收失败，货物重量不符', NULL)
  ,(2, '308', 2, 3, 0, '', sysdate(), sysdate(), '揽收失败，货物件数不符', NULL)
  ,(1, '401', 1, 4, 1, '105', sysdate(), sysdate(), '货物已出仓，下一站【{0}】', '运输中')
  ,(1, '402', 1, 4, 0, '', sysdate(), sysdate(), '货物已到达【{0}】，下一站【{1}】', NULL)
  ,(1, '403', 1, 4, 0, '', sysdate(), sysdate(), '货物已到达目的地【{0}】，运输完成准备配送', NULL)
  ,(1, '404', 1, 4, 0, '', sysdate(), sysdate(), '货物已到达目的地【{0}】，运输完成等待自提', NULL)
  ,(1, '405', 2, 4, 0, '', sysdate(), sysdate(), '战争、经济制裁无法运输', NULL)
  ,(1, '406', 2, 4, 0, '', sysdate(), sysdate(), '天气或自然灾害无法运输', NULL)
  ,(1, '407', 2, 4, 0, '', sysdate(), sysdate(), '客户更改地址', NULL)
  ,(2, '408', 2, 4, 0, '', sysdate(), sysdate(), '报关延迟，报关材料不全', NULL)
  ,(2, '501', 1, 5, 0, '', sysdate(), sysdate(), '海关抽检', NULL)
  ,(1, '502', 1, 5, 0, '', sysdate(), sysdate(), '【{0}】报关中', NULL)
  ,(1, '503', 1, 5, 0, '', sysdate(), sysdate(), '【{0}】报关完毕，下一站【{1}】', NULL)
  ,(1, '504', 1, 5, 0, '', sysdate(), sysdate(), '【{0}】清关中', NULL)
  ,(1, '505', 1, 5, 0, '', sysdate(), sysdate(), '【{0}】海关放行，下一站【{1}】', NULL)
  ,(3, '506', 2, 5, 0, '', sysdate(), sysdate(), '海关扣押，货物为违禁品', NULL)
  ,(2, '507', 2, 5, 0, '', sysdate(), sysdate(), '海关扣押，申报价值不符', NULL)
  ,(1, '601', 1, 6, 1, '106', sysdate(), sysdate(), '货物正在配送', '配送中')
  ,(1, '602', 1, 6, 1, '107', sysdate(), sysdate(), '客户已签收，正常签收', '已签收')
  ,(1, '603', 1, 6, 1, '107', sysdate(), sysdate(), '客户已签收，代签收', '已签收')
  ,(1, '604', 1, 6, 1, '107', sysdate(), sysdate(), '客户已签收，客户自提', '已签收')
  ,(1, '605', 2, 6, 0, '', sysdate(), sysdate(), '客户更改地址', NULL)
  ,(2, '606', 2, 6, 0, '', sysdate(), sysdate(), '收件地址为敏感部门', NULL)
  ,(2, '607', 2, 6, 0, '', sysdate(), sysdate(), '签收延迟，收件人要求延迟配送', NULL)
  ,(1, '608', 2, 6, 0, '', sysdate(), sysdate(), '签收失败，收件人无法联系', NULL)
  ,(2, '609', 2, 6, 0, '', sysdate(), sysdate(), '签收失败，货物破损，收件人拒收', NULL)
  ,(2, '610', 2, 6, 0, '', sysdate(), sysdate(), '签收失败，货物类型不符，收件人拒收', NULL)
  ,(2, '611', 2, 6, 0, '', sysdate(), sysdate(), '签收失败，货物重量不符，收件人拒收', NULL)
  ,(2, '612', 2, 6, 0, '', sysdate(), sysdate(), '签收失败，费用有异议，收件人拒收', NULL)
  ,(3, '613', 2, 6, 0, '', sysdate(), sysdate(), '派错件、漏件、件数不符', NULL);

INSERT INTO `biz_settlement_type`(`id`,`code`,`name`,`isDeleted`,`isSystem`,`description`,`createTime`,`lastUpdateTime`)
VALUES
  (1,'SYS-MONTH','月结',0,1,'系统预设,不允许修改删除',now(),now()),
  (2,'SYS-HALFMONTH','半月结',0,1,'系统预设,不允许修改删除',now(),now()),
  (3,'SYS-YEAR','年结',0,1,'系统预设,不允许修改删除',now(),now()),
  (4,'SYS-HALFYEAR','半年结',0,1,'系统预设,不允许修改删除',now(),now()),
  (5,'SYS-QUARTER','季度结',0,1,'系统预设,不允许修改删除',now(),now()),
  (6,'SYS-INSTANT','现结',0,1,'系统预设,不允许修改删除',now(),now());

INSERT INTO trd_goods_type (id, name, code, ordinal, parentId, descption, isDeleted, `level`, isLeaf)
VALUES
  (1, '农产品', '001', 1, 0, NULL, 0, 1, 0)
  ,(2, '能源', '002', 1, 0, NULL, 0, 1, 0)
  ,(3, '化工', '003', 1, 0, NULL, 0, 1, 0);


INSERT  INTO `trd_platform_company`(`id`,`code`,`name`) VALUE
  (1,'PLAT001','上海至精供应链管理股份有限公司')
  ,(2,'PLAT002','SUNRUN BUNKERING LIMITED')
  ,(3,'PLAT003','上海海航工程物流股份有限公司')
  ,(4,'PLAT004','上海至精国际贸易有限公司');


INSERT INTO cus_customer_message_type (id,name,code,parentId,isLeaf,ordinal,isDeleted,description,createTime,lastUpdateTime) VALUES
  (1,'订单状态','',0,0,1,0,NULL,sysdate(),sysdate())
  ,(2,'已提交','101',1,1,1,0,NULL,sysdate(),sysdate())
  ,(3,'已受理','103',1,1,2,0,NULL,sysdate(),sysdate())
  ,(4,'已收货','104',1,1,3,0,NULL,sysdate(),sysdate())
  ,(5,'运输中','105',1,1,4,0,NULL,sysdate(),sysdate())
  ,(6,'配送中','106',1,1,5,0,NULL,sysdate(),sysdate())
  ,(7,'已签收','107',1,1,6,0,NULL,sysdate(),sysdate())
;

INSERT INTO `biz_serialno_rules` VALUES
 (1, '', null, 'WaybillRule', '112', '1*****?', '', 'WBA', '1121*****?', null, null, '2017-12-20 16:01:58', '2', '2', '4')
,(2, '', null, 'WaybillRule', '122', '1*****?', '', 'WBA', '1221*****?', null, null, '2017-12-20 16:02:31', '2', '2', '2')
,(3, '', null, 'WaybillRule', '132', '1*****?', '', 'WBA', '1321*****?', null, null, '2017-12-20 16:02:54', '2', '2', '3')
,(4, '', null, 'WaybillRule', '192', '1*****?', '', 'WBA', '1921*****?', null, null, '2017-12-20 16:03:22', '2', '2', '5')
,(5, '', null, 'WaybillRule', '212', '1*****?', '', 'WBA', '2121*****?', null, null, '2017-12-20 16:03:49', '2', '2', '7')
,(6, '', null, 'WaybillRule', '222', '1*****?', '', 'WBA', '2221*****?', null, null, '2017-12-20 16:04:08', '2', '2', '8')
,(7, '', null, 'WaybillRule', '232', '1*****?', '', 'WBA', '2321*****?', null, null, '2017-12-20 16:04:25', '2', '2', '9')
,(8, '', null, 'WaybillRule', '332', '1*****?', '', 'WBA', '3321*****?', null, null, '2017-12-20 16:04:45', '2', '2', '12')
,(9, '', null, 'WaybillRule', '392', '1*****?', '', 'WBA', '3921*****?', null, null, '2017-12-20 16:05:05', '2', '2', '13')
,(10, '', null, 'WaybillRule', '592', '1*****?', '', 'WBA', '5921*****?', null, null, '2017-12-20 16:05:28', '2', '2', '17')
,(11, '', null, 'WaybillRule', '492', '1*****?', '', 'WBA', '4921*****?', null, null, '2017-12-20 16:06:23', '2', '2', '18')
,(12, '', null, 'WaybillRule', '692', '1*****?', '', 'WBA', '6921*****?', null, null, '2017-12-20 16:11:38', '2', '2', '19')
;

-- ----------------------------
-- Records of biz_channelno_rule_details
-- ----------------------------
INSERT INTO `biz_serialno_rule_details` VALUES
 (null, '1', '1', '112100000?', '112199999?', '100000', '300', '200',null, 'email', '', '2')
,(null, '2', '1', '122100000?', '122199999?', '100000', '300', '200',null, 'email', '', '2')
,(null, '3', '1', '132100000?', '132199999?', '100000', '300', '200',null, 'email', '', '2')
,(null, '4', '1', '192100000?', '192199999?', '100000', '300', '200',null, 'email', '', '2')
,(null, '5', '1', '212100000?', '212199999?', '100000', '300', '200',null, 'email', '', '2')
,(null, '6', '1', '222100000?', '222199999?', '100000', '300', '200',null, 'email', '', '2')
,(null, '7', '1', '232100000?', '232199999?', '100000', '300', '200',null, 'email', '', '2')
,(null, '8', '1', '332100000?', '332199999?', '100000', '300', '200',null, 'email', '', '2')
,(null, '9', '1', '392100000?', '392199999?', '100000', '300', '200',null, 'email', '', '2')
,(null, '10', '1', '592100000?', '592199999?', '100000', '300', '200',null, 'email', '', '2')
,(null, '11', '1', '492100000?', '492199999?', '100000', '300', '200',null, 'email', '', '2')
,(null, '12', '1', '692100000?', '692199999?', '100000', '300', '200',null, 'email', '', '2')
;

INSERT INTO biz_verifyRules (id, name, code, format, regex, createTime, type, example) VALUES
 (NULL , '十六位纯数字', 'rule001', '*** *** *** *** *** *', '^[0-9]{16}$', DEFAULT , 1, '1234567890123456')
,(NULL , '3字母+9数字+1字母', 'rule002', '### *** *** *** #', '^[A-Z]{3}[0-9]{9}[A-Z]$', DEFAULT , 1, 'ABC123456789D')
,(NULL , '十位纯数字(运单号规则)', 'WaybillRule', '*** *** *** *', '^[0-9]{10}$', DEFAULT , 2, '1234567890')
,(NULL , '邮政规则', 'MailRule', '## *** *** *** ##', '^[A-Z]{2}[0-9]{9}[A-Z]{2}$', DEFAULT , 1, 'AA999999999BB')
;

INSERT INTO `biz_serialno_management` VALUES
 (null, '6921000001', '171220001', null, '12', '', '19', '', '2017-12-20 16:39:08', '0', null, '0', null, '2', '0')
,(null, '6921000011', '171220002', null, '12', '', '19', '', '2017-12-20 16:39:08', '0', null, '0', null, '2', '0')
,(null, '4921000001', '171220003', null, '11', '', '18', '', '2017-12-20 16:39:13', '0', null, '0', null, '2', '0')
,(null, '4921000011', '171220004', null, '11', '', '18', '', '2017-12-20 16:39:13', '0', null, '0', null, '2', '0')
,(null, '5921000001', '171220005', null, '10', '', '17', '', '2017-12-20 16:39:17', '0', null, '0', null, '2', '0')
,(null, '5921000011', '171220006', null, '10', '', '17', '', '2017-12-20 16:39:17', '0', null, '0', null, '2', '0')
,(null, '3921000001', '171220007', null, '9', '', '13', '', '2017-12-20 16:39:21', '0', null, '0', null, '2', '0')
,(null, '3921000011', '171220008', null, '9', '', '13', '', '2017-12-20 16:39:21', '0', null, '0', null, '2', '0')
,(null, '3321000001', '171220009', null, '8', '', '12', '', '2017-12-20 16:39:24', '0', null, '0', null, '2', '0')
,(null, '3321000011', '171220010', null, '8', '', '12', '', '2017-12-20 16:39:24', '0', null, '0', null, '2', '0')
,(null, '2321000001', '171220011', null, '7', '', '9', '', '2017-12-20 16:39:28', '0', null, '0', null, '2', '0')
,(null, '2321000011', '171220012', null, '7', '', '9', '', '2017-12-20 16:39:28', '0', null, '0', null, '2', '0')
,(null, '2221000001', '171220013', null, '6', '', '8', '', '2017-12-20 16:39:31', '0', null, '0', null, '2', '0')
,(null, '2221000011', '171220014', null, '6', '', '8', '', '2017-12-20 16:39:31', '0', null, '0', null, '2', '0')
,(null, '2121000001', '171220015', null, '5', '', '7', '', '2017-12-20 16:39:35', '0', null, '0', null, '2', '0')
,(null, '2121000011', '171220016', null, '5', '', '7', '', '2017-12-20 16:39:35', '0', null, '0', null, '2', '0')
,(null, '1921000001', '171220017', null, '4', '', '5', '', '2017-12-20 16:39:38', '0', null, '0', null, '2', '0')
,(null, '1921000011', '171220018', null, '4', '', '5', '', '2017-12-20 16:39:38', '0', null, '0', null, '2', '0')
,(null, '1321000001', '171220019', null, '3', '', '3', '', '2017-12-20 16:39:42', '0', null, '0', null, '2', '0')
,(null, '1321000011', '171220020', null, '3', '', '3', '', '2017-12-20 16:39:42', '0', null, '0', null, '2', '0')
,(null, '1221000001', '171220021', null, '2', '', '2', '', '2017-12-20 16:39:47', '0', null, '0', null, '2', '0')
,(null, '1221000011', '171220022', null, '2', '', '2', '', '2017-12-20 16:39:47', '0', null, '0', null, '2', '0')
,(null, '1121000001', '171220023', null, '1', '', '4', '', '2017-12-20 16:39:51', '0', null, '0', null, '2', '0')
,(null, '1121000011', '171220024', null, '1', '', '4', '', '2017-12-20 16:39:51', '0', null, '0', null, '2', '0')
;
